"Age Bracket",Age,CRN,"Member Name",Transactions,"Payment Types","First Reporting Period","Last Reporting Period","Last Payment","Total Amount (GHS)"
26-35,32,FMC-A0120-KM,"NANA YAW ANGU",22,"TITHE, WELFARE","2025-10-01 00:00:00","2026-08-01 00:00:00","2026-08-30 13:36:58",19272.00
26-35,30,FMC-F0708-KM,"SANDRA OWUSU",8,"HARVEST, TITHE, WELFARE","2025-08-01 00:00:00","2025-12-01 00:00:00","2025-12-22 10:50:45",14045.00
26-35,30,FMC-A0516-KM,"DAVID KOJO AFFUL",23,"HARVEST, TITHE, WELFARE","2025-10-01 00:00:00","2026-08-01 00:00:00","2026-08-30 10:24:53",13570.00
26-35,35,FMC-A0114-KM,"STELLA BAAWAH Hagan",42,"HARVEST, TITHE, WELFARE","2025-10-01 00:00:00","2026-09-01 00:00:00","2026-09-06 12:32:47",10730.00
26-35,34,FMC-A1603-KM,"ABRAHAM APSONDAISY",14,"TITHE, WELFARE","2026-03-01 00:00:00","2026-08-01 00:00:00","2026-09-06 13:15:56",8801.00
26-35,30,FMC-W1008-KM,"PRISCILLA ASANTE",35,"HARVEST, TITHE, WELFARE","2025-10-01 00:00:00","2026-08-01 00:00:00","2026-08-30 10:20:17",8120.00
26-35,35,FMC-A0707-KM,"NATHANIEL ANDZIE KOJO PAINSTIL",39,"APPEALS, Charity Fund, Education Support, FWB Yesu Bogya Mu, Grace Box, HARVEST, Morning Prayer, TITHE, WELFARE","2025-09-01 00:00:00","2026-08-01 00:00:00","2026-08-30 09:56:15",6802.00
26-35,35,FMC-A1217-KM,"MAVIS GYASI",10,"HARVEST, TITHE, WELFARE","2025-12-01 00:00:00","2026-07-01 00:00:00","2026-07-12 11:46:38",6100.00
26-35,29,FMC-F0707-KM,"HILDA BRIGHT-YANKEY",28,"HARVEST, TITHE, WELFARE","2025-11-01 00:00:00","2026-09-01 00:00:00","2026-09-06 11:03:26",5700.00
26-35,26,FMC-D0823-KM,"ANDREW KOJO AFFUL",19,"HARVEST, TITHE, WELFARE","2025-10-01 00:00:00","2026-08-01 00:00:00","2026-08-30 10:13:46",5660.00
26-35,33,FMC-A0504-KM,"PRISCILLA OWUSU ADJEI",33,"HARVEST, TITHE, WELFARE","2025-10-01 00:00:00","2026-08-01 00:00:00","2026-08-31 17:38:23",5423.00
26-35,32,FMC-A0222-KM,"JUSTICE OBIRI NKETSIAH",17,"HARVEST, TITHE, WELFARE","2025-06-01 00:00:00","2026-05-01 00:00:00","2026-08-01 03:57:18",5400.00
26-35,35,FMC-F0901-KM,"BARNABAS KOBINA",134,"Unclassified, APPEALS, Charity Fund, FWB Yesu Bogya Mu, Grace Box, HARVEST, Jericho Hour, MDF, OFFERING, Outlook Support, Project Support, SOMBI, SUNDAY SCHOOL, Thank God It Friday, Thanks Offering, TITHE, WELFARE","2024-12-15 00:00:00","2026-08-01 00:00:00","2026-08-28 10:39:09",5108.93
26-35,27,FMC-A0210-KM,"NANA KOBINA KESE ANGU",5,"HARVEST, TITHE, WELFARE","2025-12-01 00:00:00","2026-03-01 00:00:00","2026-03-29 10:56:56",4220.00
26-35,29,FMC-D0708-KM,"LETICIA ESSIEN",10,"TITHE, WELFARE","2025-11-01 00:00:00","2026-08-01 00:00:00","2026-08-30 09:41:37",4000.00
26-35,31,FMC-B0311-KM,"PATRICIA ASIEDUWAA IMPRIAM",12,"TITHE, WELFARE","2025-10-01 00:00:00","2026-08-01 00:00:00","2026-08-31 08:19:31",3855.00
26-35,35,FMC-A0717-KM,"ERIC OPOKU NUAMAH",37,"HARVEST, TITHE, WELFARE","2025-10-01 00:00:00","2026-09-01 00:00:00","2026-09-06 11:24:28",3570.00
26-35,35,FMC-A0126-KM,"THERESAH ODURO KORANKYE",12,"HARVEST, TITHE","2025-10-01 00:00:00","2026-08-01 00:00:00","2026-08-02 13:11:44",3410.50
26-35,32,FMC-D0722-KM,"EMMANUEL ASABEAH",16,"TITHE, WELFARE","2025-10-01 00:00:00","2026-07-01 00:00:00","2026-09-08 11:14:14",3200.00
26-35,29,FMC-D0709-KM,"MILLICENT ADJEI AGYAPONG",13,"TITHE, WELFARE","2025-11-01 00:00:00","2026-08-01 00:00:00","2026-08-30 10:23:10",3120.00
26-35,26,FMC-D0212-KM,"MENSAH NATHANIEL",23,"HARVEST, TITHE, WELFARE","2025-11-01 00:00:00","2026-09-01 00:00:00","2026-09-06 10:53:51",2950.00
26-35,27,FMC-K0307-KM,"KWADWO ANTWI BOASIAKO NKANSAH-POKU",16,"HARVEST, TITHE, WELFARE","2025-10-01 00:00:00","2026-07-01 00:00:00","2026-07-26 12:03:49",2810.00
26-35,30,FMC-A0311-KM,"MABEL OBIRI",34,"HARVEST, TITHE, WELFARE","2025-10-01 00:00:00","2026-08-01 00:00:00","2026-08-30 12:36:16",2780.00
26-35,33,FMC-A0510-KM,"FRANK KOBINA BONSU",9,"HARVEST, TITHE, WELFARE","2025-12-01 00:00:00","2026-06-01 00:00:00","2026-06-21 22:13:31",2700.00
26-35,33,FMC-A0411-KM,"GIFTY BOTWE",14,"APPEALS, Charity Fund, HARVEST, TITHE, WELFARE","2025-09-01 00:00:00","2026-07-01 00:00:00","2026-07-31 10:26:52",2650.00
26-35,35,FMC-B0821-KM,"RITA ACQUAH",22,"HARVEST, TITHE, WELFARE","2025-10-01 00:00:00","2026-06-01 00:00:00","2026-06-28 12:58:18",2470.00
26-35,30,FMC-A1017-KM,"REGINA FRIMPONG",26,"HARVEST, TITHE, WELFARE","2025-10-01 00:00:00","2026-08-01 00:00:00","2026-08-02 12:38:56",2330.00
26-35,31,FMC-A0507-KM,"TABITHA LOOYE MENSAH",15,"HARVEST, TITHE, WELFARE","2025-10-01 00:00:00","2026-06-01 00:00:00","2026-06-28 12:25:41",2300.00
26-35,32,FMC-A0518-KM,"OBED NANA KWAME PAINTSIL",10,"TITHE, WELFARE","2025-11-01 00:00:00","2026-07-01 00:00:00","2026-07-26 12:16:08",2300.00
26-35,30,FMC-K0312-KM,"PRINCE ASANTE",16,"OFFERING, TITHE, WELFARE","2026-01-01 00:00:00","2026-08-01 00:00:00","2026-08-30 13:30:37",2290.00
26-35,33,FMC-K0909-KM,"EUGENIA BRAKOA",9,"HARVEST, TITHE, WELFARE","2025-12-01 00:00:00","2026-08-01 00:00:00","2026-08-09 09:19:13",2210.00
26-35,31,FMC-F0810-KM,"EBENEZER TETTEH",18,"TITHE, WELFARE","2025-10-01 00:00:00","2026-06-01 00:00:00","2026-06-07 10:58:25",2200.00
26-35,32,FMC-D0721-KM,"SYLVIA ENTSIR",30,"HARVEST, TITHE, WELFARE","2025-09-01 00:00:00","2026-08-01 00:00:00","2026-08-30 10:37:08",2150.00
26-35,29,FMC-D0211-KM,"FREDICIA AMAALEY GHARTEY",14,"TITHE, WELFARE","2025-11-01 00:00:00","2026-08-01 00:00:00","2026-08-30 11:01:08",2150.00
26-35,32,FMC-B0902-KM,"DANIEL MENSAH",23,"HARVEST, TITHE, WELFARE","2025-09-01 00:00:00","2026-06-01 00:00:00","2026-06-14 10:04:39",2060.00
26-35,34,FMC-A0723-KM,"BENJAMIN ASAMOAH",25,"APPEALS, Education Support, FWB Yesu Bogya Mu, TITHE, WELFARE","2025-09-01 00:00:00","2026-08-01 00:00:00","2026-08-30 11:23:59",2054.00
26-35,35,FMC-A0109-KM,"DORCAS ESI BAIDOO",22,"TITHE, WELFARE","2025-10-01 00:00:00","2026-08-01 00:00:00","2026-08-30 11:23:59",2050.00
26-35,30,FMC-F0925-KM,"DESMOND KPANGA",3,TITHE,"2026-05-01 00:00:00","2026-07-01 00:00:00","2026-08-09 10:34:15",2000.00
26-35,34,FMC-A0202-KM,"ABRAHAM KOOMSOM BAIDOO",34,"Charity Fund, FWB Yesu Bogya Mu, Grace Box, HARVEST, Morning Prayer, TITHE, WELFARE","2025-07-01 00:00:00","2026-08-01 00:00:00","2026-08-30 10:52:58",1930.00
26-35,35,FMC-B0803-KM,"EDWIN CHRISTIAN",22,"HARVEST, TITHE, WELFARE","2025-09-01 00:00:00","2026-08-01 00:00:00","2026-08-02 12:31:21",1900.20
26-35,34,FMC-A1503-KM,"EVELYN OKAE-ASARE",3,"HARVEST, TITHE, WELFARE","2025-12-01 00:00:00","2025-12-01 00:00:00","2025-12-28 12:16:56",1900.00
26-35,29,FMC-D0706-KM,"SANDRA ODURO",27,"HARVEST, TITHE, WELFARE","2025-10-01 00:00:00","2026-08-01 00:00:00","2026-08-31 18:06:12",1770.00
26-35,29,FMC-F0224-KM,"HETTY ABBAN",10,"HARVEST, TITHE, WELFARE","2025-09-01 00:00:00","2026-08-01 00:00:00","2026-08-31 07:20:04",1710.00
26-35,31,FMC-D1011-KM,"LORD DE-GRAFT ROBINSON",14,"HARVEST, TITHE, WELFARE","2025-12-01 00:00:00","2026-09-01 00:00:00","2026-09-06 12:53:42",1700.00
26-35,34,FMC-B0720-KM,"MARGARET OFFEIBEA ANSONG",6,"TITHE, WELFARE","2026-07-01 00:00:00","2026-09-01 00:00:00","2026-09-06 10:40:00",1691.00
26-35,31,FMC-D0106-KM,"CATHERINE ESSOUN",28,"HARVEST, TITHE, WELFARE","2025-10-01 00:00:00","2026-08-01 00:00:00","2026-08-30 10:37:08",1670.00
26-35,35,FMC-B0712-KM,"EMMNAUEL BOATENG",16,"HARVEST, TITHE, WELFARE","2025-10-01 00:00:00","2026-08-01 00:00:00","2026-08-30 09:56:15",1510.00
26-35,31,FMC-K0511-KM,"ESTHER ABBEY",9,"HARVEST, TITHE, WELFARE","2025-10-01 00:00:00","2026-05-01 00:00:00","2026-05-17 12:13:28",1500.00
26-35,29,FMC-W0505-KM,"DOROTHY OFFEI",8,"TITHE, WELFARE","2025-11-01 00:00:00","2026-07-01 00:00:00","2026-07-12 08:37:06",1500.00
26-35,26,FMC-A0921-KM,"JOSEPH NUNOO",16,"TITHE, WELFARE","2025-12-01 00:00:00","2026-08-01 00:00:00","2026-08-30 10:48:27",1485.00
26-35,33,FMC-A0503-KM,"GLORIA KWUKWA YEBOAH",22,"TITHE, WELFARE","2025-09-01 00:00:00","2026-08-01 00:00:00","2026-08-02 11:14:20",1474.00
26-35,31,FMC-F0425-KM,"FELIX EYIAH KOOMSON",12,"TITHE, WELFARE","2025-11-01 00:00:00","2026-05-01 00:00:00","2026-05-31 12:12:34",1460.00
26-35,31,FMC-A0410-KM,"VICTORIA AMANDEH AKASI",16,"HARVEST, TITHE, WELFARE","2025-11-15 00:00:00","2026-08-01 00:00:00","2026-08-09 11:17:53",1450.00
26-35,33,FMC-B0610-KM,"LORETTA CUDJOE",18,"TITHE, WELFARE","2025-10-01 00:00:00","2026-09-01 00:00:00","2026-09-06 10:34:00",1420.00
26-35,33,FMC-F0905-KM,"JACOB FRANCIS KWESI ARYEE",18,"APPEALS, Charity Fund, Education Support, Grace Box, HARVEST, OFFERING, TITHE","2025-09-01 00:00:00","2026-06-01 00:00:00","2026-06-09 19:13:32",1416.00
26-35,26,FMC-D0724-KM,"MERCY BONDZIE",9,"HARVEST, TITHE, WELFARE","2025-12-01 00:00:00","2026-08-01 00:00:00","2026-08-30 10:46:18",1365.00
26-35,26,FMC-D0518-KM,"JOYCELINE COLEMAN",32,"HARVEST, TITHE, WELFARE","2025-10-01 00:00:00","2026-08-01 00:00:00","2026-08-31 18:01:54",1340.00
26-35,34,FMC-A1222-KM,"WILLIAM FRIMPONG",16,"HARVEST, TITHE, WELFARE","2025-10-01 00:00:00","2026-06-01 00:00:00","2026-06-28 12:15:27",1320.00
26-35,35,FMC-W0420-KM,"JAMES ARTHUR",6,TITHE,"2026-01-01 00:00:00","2026-06-01 00:00:00","2026-06-28 10:20:19",1314.00
26-35,33,FMC-F0613-KM,"HANNAH QUAYSON",24,"HARVEST, TITHE, WELFARE","2025-11-01 00:00:00","2026-08-01 00:00:00","2026-08-30 12:20:04",1300.00
26-35,31,FMC-D0105-KM,"BERNARD ASARE",21,"HARVEST, TITHE, WELFARE","2025-10-01 00:00:00","2026-08-01 00:00:00","2026-08-30 10:25:49",1285.00
26-35,34,FMC-F0302-KM,"SAMUEL NYAME",41,"HARVEST, TITHE, WELFARE","2025-10-01 00:00:00","2026-09-01 00:00:00","2026-09-06 12:24:39",1280.00
26-35,29,FMC-D0716-KM,"BENEDICTA BOAKO KOOMSON",22,"TITHE, WELFARE","2025-10-01 00:00:00","2026-09-01 00:00:00","2026-09-06 09:30:27",1240.00
26-35,28,FMC-D0422-KM,"PAA KWESI YANKAH",4,"HARVEST, TITHE, WELFARE","2025-11-15 00:00:00","2026-02-01 00:00:00","2026-02-08 09:00:31",1240.00
26-35,28,FMC-F0721-KM,"GIFTY ESI MENSAH",27,"HARVEST, TITHE, WELFARE","2025-10-01 00:00:00","2026-09-01 00:00:00","2026-09-06 20:54:42",1149.00
26-35,28,FMC-A0116-KM,"EMMANUEL ABEIKU YAFO CUDJOE",22,"TITHE, WELFARE","2025-10-01 00:00:00","2026-08-01 00:00:00","2026-08-02 12:48:26",1140.00
26-35,31,FMC-F0916-KM,"PRINCE QUAW",8,"HARVEST, TITHE, WELFARE","2025-11-01 00:00:00","2026-06-01 00:00:00","2026-06-09 19:13:32",1130.00
26-35,33,FMC-A0508-KM,"STEPHANIE MENSAH",12,"HARVEST, TITHE, WELFARE","2025-10-01 00:00:00","2026-05-01 00:00:00","2026-05-03 09:30:00",1120.00
26-35,34,FMC-A0304-KM,"ROCKSON OFORI MENSAH",16,"HARVEST, TITHE, WELFARE","2025-11-01 00:00:00","2026-05-01 00:00:00","2026-06-22 06:56:59",1090.00
26-35,32,FMC-K0701-KM,"STEPHEN ZIKPI",8,"HARVEST, TITHE, WELFARE","2025-10-01 00:00:00","2026-08-01 00:00:00","2026-08-02 12:48:44",1090.00
26-35,28,FMC-D1003-KM,"BERNARD BOAFO",10,"TITHE, WELFARE","2025-11-01 00:00:00","2026-04-01 00:00:00","2026-04-19 11:31:06",1060.00
26-35,27,FMC-F0913-KM,"SHARON TAKYI BINEY",17,"HARVEST, TITHE, WELFARE","2025-10-01 00:00:00","2026-07-01 00:00:00","2026-07-05 09:45:37",1020.00
26-35,33,FMC-W0610-KM,"MARTHA DUNTU",37,"HARVEST, TITHE, WELFARE","2025-10-01 00:00:00","2026-09-01 00:00:00","2026-09-06 11:15:39",1010.00
26-35,35,FMC-K0521-KM,"FERDINAND BOAFO",7,"TITHE, WELFARE","2025-10-01 00:00:00","2026-03-01 00:00:00","2026-06-04 17:53:02",1000.00
26-35,32,FMC-A0306-KM,"EMMANUEL SACKEY",24,"HARVEST, TITHE, WELFARE","2025-10-01 00:00:00","2026-08-01 00:00:00","2026-08-02 11:27:35",965.00
26-35,28,FMC-F0703-KM,"EVA ASARE",27,"HARVEST, TITHE, WELFARE","2025-10-01 00:00:00","2026-07-01 00:00:00","2026-07-26 09:11:19",955.00
26-35,30,FMC-B0618-KM,"SAMUEL KWAME OTOO",21,"HARVEST, TITHE, WELFARE","2025-10-01 00:00:00","2026-09-01 00:00:00","2026-09-06 08:51:43",950.00
26-35,34,FMC-D0412-KM,"SAUSANA OSEI",21,"HARVEST, TITHE, WELFARE","2025-11-15 00:00:00","2026-08-01 00:00:00","2026-08-09 09:36:08",930.00
26-35,34,FMC-W0605-KM,"EMMANUEL EGYABU",23,"HARVEST, TITHE, WELFARE","2025-09-01 00:00:00","2026-07-01 00:00:00","2026-07-12 09:01:00",910.00
26-35,26,FMC-K0722-KM,"JULIET EWUSI-MENSAH",26,"HARVEST, TITHE, WELFARE","2025-11-01 00:00:00","2026-08-01 00:00:00","2026-08-30 10:37:08",910.00
26-35,32,FMC-B0505-KM,"GILBERT KWAME APPIAH",17,"HARVEST, TITHE, WELFARE","2025-10-01 00:00:00","2026-08-01 00:00:00","2026-08-30 12:06:51",900.00
26-35,35,FMC-A0406-KM,"GETRUDE KRAMPA KOOMSON",27,"HARVEST, TITHE, WELFARE","2025-10-01 00:00:00","2026-09-01 00:00:00","2026-09-06 10:31:23",875.00
26-35,28,FMC-D0623-KM,"SARAH KOLORAH",37,"HARVEST, TITHE, WELFARE","2025-11-01 00:00:00","2026-09-01 00:00:00","2026-09-06 09:58:00",845.00
26-35,26,FMC-D1019-KM,"AKOSUA ADOABEA PRAH",11,"HARVEST, TITHE, WELFARE","2025-11-01 00:00:00","2026-06-01 00:00:00","2026-06-07 11:43:42",840.00
26-35,26,FMC-W0620-KM,"LAWRENCIA EMEFA FIADJOE",13,"HARVEST, TITHE, WELFARE","2026-03-01 00:00:00","2026-07-01 00:00:00","2026-07-19 10:11:51",820.00
26-35,35,FMC-A1407-KM,"SAMUEL EDUFUL",4,"HARVEST, TITHE, WELFARE","2025-10-01 00:00:00","2025-11-15 00:00:00","2025-11-30 13:04:18",800.00
26-35,34,FMC-A1519-KM,"GLORIA ANGELINA ESHUN",8,"TITHE, WELFARE","2026-03-01 00:00:00","2026-07-01 00:00:00","2026-07-12 10:36:09",800.00
26-35,29,FMC-D0704-KM,"CECILIA OTOO",22,"HARVEST, TITHE, WELFARE","2025-10-01 00:00:00","2026-09-01 00:00:00","2026-09-06 08:53:38",800.00
26-35,35,FMC-A1205-KM,"JOSEPHINE ANDOH",12,"TITHE, WELFARE","2025-10-01 00:00:00","2026-06-01 00:00:00","2026-06-14 11:31:36",790.00
26-35,28,FMC-W0905-KM,"GIDEON YELEBO",35,"HARVEST, TITHE, WELFARE","2025-10-01 00:00:00","2026-08-01 00:00:00","2026-08-08 21:11:22",780.00
26-35,33,FMC-F0806-KM,"THERESAH MOORE",12,"HARVEST, TITHE, WELFARE","2025-10-01 00:00:00","2026-09-01 00:00:00","2026-09-06 11:46:34",770.00
26-35,30,FMC-F0222-KM,"REBECCA YANKAH",9,"HARVEST, TITHE, WELFARE","2025-10-01 00:00:00","2026-02-01 00:00:00","2026-06-10 09:03:31",770.00
26-35,33,FMC-A0403-KM,"EVELYN AMOAH",20,"HARVEST, TITHE, WELFARE","2025-10-01 00:00:00","2026-07-01 00:00:00","2026-07-26 09:33:06",760.00
26-35,32,FMC-D0426-KM,"VIDA QUANSAH",15,"HARVEST, TITHE, WELFARE","2025-12-01 00:00:00","2026-06-01 00:00:00","2026-06-14 11:19:59",750.00
26-35,34,FMC-A1013-KM,"MARGARET MARTHA OFFEI",13,"HARVEST, TITHE, WELFARE","2025-10-01 00:00:00","2026-08-01 00:00:00","2026-08-30 11:14:32",740.00
26-35,26,FMC-B0408-KM,"JACOB KWEKU BOHAM",16,"TITHE, WELFARE","2025-10-01 00:00:00","2026-09-01 00:00:00","2026-09-06 12:36:44",730.00
26-35,31,FMC-K0218-KM,"SAMUEL JUNIOR ANDORFUL",40,"HARVEST, TITHE, WELFARE","2025-10-01 00:00:00","2026-08-01 00:00:00","2026-08-30 12:00:05",720.00
26-35,29,FMC-F0915-KM,"ABIGAIL FAFALI FAFALI",15,"HARVEST, TITHE, WELFARE","2025-11-01 00:00:00","2026-08-01 00:00:00","2026-08-30 11:11:34",700.00
26-35,31,FMC-A0314-KM,"NANCY QUARM",12,"TITHE, WELFARE","2025-10-01 00:00:00","2026-05-01 00:00:00","2026-05-24 10:52:58",700.00
26-35,35,FMC-D0826-KM,"BENJAMIN ADDAE",6,"TITHE, WELFARE","2026-04-01 00:00:00","2026-08-01 00:00:00","2026-08-30 10:33:26",680.00
26-35,28,FMC-F0720-KM,"JUSTINA IMPRAIM",22,"HARVEST, TITHE, WELFARE","2025-10-01 00:00:00","2026-07-01 00:00:00","2026-07-26 12:26:16",670.00
26-35,27,FMC-F0702-KM,"JOYCE ARHIN",14,"HARVEST, TITHE, WELFARE","2025-10-01 00:00:00","2026-06-01 00:00:00","2026-06-14 11:27:44",660.00
26-35,30,FMC-D0707-KM,"JUSTICE KWADZE AMISSAH",11,"TITHE, WELFARE","2025-06-01 00:00:00","2026-06-01 00:00:00","2026-07-12 10:33:40",650.80
26-35,33,FMC-K0504-KM,"CHARITY BAIDOO",6,"HARVEST, TITHE, WELFARE","2025-12-01 00:00:00","2026-08-01 00:00:00","2026-08-30 10:04:34",650.00
26-35,30,FMC-A1321-KM,"DAVID FORSON",11,"HARVEST, TITHE, WELFARE","2025-09-01 00:00:00","2026-08-01 00:00:00","2026-08-30 10:42:01",650.00
26-35,28,FMC-B0903-KM,"STEPHEN KWESI",6,"HARVEST, TITHE, WELFARE","2025-11-15 00:00:00","2026-02-01 00:00:00","2026-02-15 11:08:26",650.00
26-35,27,FMC-B0313-KM,"LINDA FOSU",20,"HARVEST, TITHE, WELFARE","2025-10-01 00:00:00","2026-09-01 00:00:00","2026-09-06 10:56:38",640.00
26-35,28,FMC-A0402-KM,"GRACE JOHNFIAH",27,"HARVEST, TITHE, WELFARE","2025-10-01 00:00:00","2026-08-01 00:00:00","2026-08-30 11:15:37",625.00
26-35,26,FMC-B0506-KM,"JANE GHARTEY",32,"HARVEST, TITHE, WELFARE","2025-10-01 00:00:00","2026-08-01 00:00:00","2026-08-30 09:56:15",620.00
26-35,29,FMC-F0311-KM,"MARY NTARMAH",16,"HARVEST, TITHE, WELFARE","2025-10-01 00:00:00","2026-06-01 00:00:00","2026-06-07 11:03:57",610.00
26-35,26,FMC-W0216-KM,"PAUL AINOO",15,"FWB Yesu Bogya Mu, HARVEST, TITHE, WELFARE","2025-09-01 00:00:00","2026-08-01 00:00:00","2026-08-31 18:28:20",601.00
26-35,31,FMC-A0313-KM,"CELESTINA BORZAH",3,TITHE,"2026-01-01 00:00:00","2026-03-01 00:00:00","2026-04-19 10:07:54",600.00
26-35,34,FMC-F0922-KM,"SAMUEL FYNN MENSAH",2,TITHE,"2026-02-01 00:00:00","2026-03-01 00:00:00","2026-04-26 11:14:06",600.00
26-35,26,FMC-D0209-KM,"OBENG DIANA",21,"HARVEST, TITHE, WELFARE","2025-10-01 00:00:00","2026-08-01 00:00:00","2026-08-09 09:28:48",595.00
26-35,35,FMC-F0504-KM,"CHARITY DICKSON",23,"HARVEST, TITHE, WELFARE","2025-10-01 00:00:00","2026-07-01 00:00:00","2026-07-12 10:39:13",595.00
26-35,29,FMC-D0711-KM,"MARY DANFUL BAUBIN",9,"HARVEST, TITHE, WELFARE","2025-10-01 00:00:00","2026-07-01 00:00:00","2026-07-05 12:09:11",590.00
26-35,30,FMC-A0223-KM,"THEOPHILUS EBIRAM",2,"TITHE, WELFARE","2026-06-01 00:00:00","2026-06-01 00:00:00","2026-06-07 10:02:51",555.00
26-35,29,FMC-A0224-KM,"GRACE NTSIFUL",2,"TITHE, WELFARE","2026-06-01 00:00:00","2026-06-01 00:00:00","2026-06-07 10:09:16",555.00
26-35,35,FMC-W0411-KM,"GRACE TWUMWAA",21,"HARVEST, TITHE, WELFARE","2025-10-01 00:00:00","2026-08-01 00:00:00","2026-08-09 09:43:34",550.00
26-35,32,FMC-F0616-KM,"SOPHIA AMOAH",31,"HARVEST, TITHE, WELFARE","2025-10-01 00:00:00","2026-08-01 00:00:00","2026-08-09 08:42:41",545.00
26-35,33,FMC-A0513-KM,"GLORIA OKAE-ASARE",2,"TITHE, WELFARE","2025-10-01 00:00:00","2025-10-01 00:00:00","2025-10-19 14:25:08",520.00
26-35,33,FMC-F0220-KM,"BENEDICTA QUAYSON-OTOO",11,"APPEALS, Charity Fund, Grace Box, HARVEST, OFFERING, SOMBI, TITHE, WELFARE","2025-06-01 00:00:00","2025-10-01 00:00:00","2025-10-05 20:02:51",500.41
26-35,33,FMC-W0918-KM,"ALICE AMPOMAH",8,"HARVEST, TITHE, WELFARE","2025-11-01 00:00:00","2026-05-01 00:00:00","2026-05-24 10:11:03",500.00
26-35,26,FMC-B0405-KM,"BEATRICE ANDOH",13,"HARVEST, TITHE, WELFARE","2025-10-01 00:00:00","2026-07-01 00:00:00","2026-07-19 09:49:40",500.00
26-35,31,FMC-B0908-KM,"MAYFRED QUARSHIE",8,"TITHE, WELFARE","2026-02-01 00:00:00","2026-07-01 00:00:00","2026-07-26 13:28:27",500.00
26-35,35,FMC-W0513-KM,"GLADYS KANKAM",14,"HARVEST, TITHE, WELFARE","2025-10-01 00:00:00","2026-08-01 00:00:00","2026-08-30 11:08:16",470.00
26-35,32,FMC-A0316-KM,"REGINA ANSAH",8,"TITHE, WELFARE","2025-12-01 00:00:00","2026-07-01 00:00:00","2026-07-05 09:40:07",450.00
26-35,26,FMC-J0101-KM,"DANIEL KWEKU ANTWI",3,TITHE,"2026-06-01 00:00:00","2026-06-01 00:00:00","2026-06-06 20:50:05",450.00
26-35,30,FMC-A0220-KM,"CONSTANCE SAMUELLA ESSIEN",8,"HARVEST, TITHE, WELFARE","2025-11-01 00:00:00","2026-09-01 00:00:00","2026-09-06 12:05:28",450.00
26-35,29,FMC-D0703-KM,"CHARLES ARKO NARH",9,"HARVEST, TITHE, WELFARE","2025-11-15 00:00:00","2026-05-01 00:00:00","2026-05-24 12:00:53",430.00
26-35,26,FMC-W0914-KM,"CECILIA SMITH",25,"HARVEST, TITHE, WELFARE","2025-09-01 00:00:00","2026-08-01 00:00:00","2026-08-30 11:05:22",430.00
26-35,31,FMC-W0921-KM,"GRACE ANNAN",5,"HARVEST, TITHE, WELFARE","2025-11-01 00:00:00","2026-04-01 00:00:00","2026-04-26 08:21:23",420.00
26-35,29,FMC-W0306-KM,"JENNIFER VANNESA TUFFOUR",16,"HARVEST, TITHE, WELFARE","2025-11-15 00:00:00","2026-09-01 00:00:00","2026-09-06 11:01:32",420.00
26-35,31,FMC-A0404-KM,"HANNAH EKUA MENSAH",15,"HARVEST, TITHE, WELFARE","2025-11-01 00:00:00","2026-08-01 00:00:00","2026-08-30 11:32:44",415.00
26-35,31,FMC-B0206-KM,"PATRICIA PEARL APPIAH -BINEY",8,"TITHE, WELFARE","2025-11-01 00:00:00","2026-05-01 00:00:00","2026-05-31 10:25:17",410.00
26-35,30,FMC-B0513-KM,"PRINCE AWIAH",16,"TITHE, WELFARE","2025-11-01 00:00:00","2026-07-01 00:00:00","2026-07-12 10:15:59",400.00
26-35,34,FMC-A0519-KM,"ABIGAIL TURKSON",8,"TITHE, WELFARE","2026-02-01 00:00:00","2026-07-01 00:00:00","2026-07-05 12:04:13",400.00
26-35,30,FMC-K0918-KM,"IRENE ESSUMAN",7,"HARVEST, TITHE, WELFARE","2025-11-01 00:00:00","2026-03-01 00:00:00","2026-03-25 18:49:40",380.00
26-35,28,FMC-K0820-KM,"PRISCILLA KWOFIE",12,"HARVEST, TITHE, WELFARE","2025-10-01 00:00:00","2026-05-01 00:00:00","2026-05-10 12:20:36",380.00
26-35,27,FMC-F0725-KM,"CYTHIA PRAH",10,"HARVEST, TITHE, WELFARE","2026-04-01 00:00:00","2026-08-01 00:00:00","2026-08-30 09:04:36",380.00
26-35,31,FMC-F0710-KM,"HANNAH MENSAH",20,"HARVEST, TITHE, WELFARE","2025-11-01 00:00:00","2026-07-01 00:00:00","2026-07-26 09:32:40",375.00
26-35,32,FMC-W0715-KM,"ERNESTINA QUANSAH",9,"HARVEST, TITHE, WELFARE","2025-10-01 00:00:00","2026-06-01 00:00:00","2026-06-07 09:54:36",370.00
26-35,27,FMC-W0925-KM,"LYDIA AWORTWE",18,"TITHE, WELFARE","2025-12-01 00:00:00","2026-08-01 00:00:00","2026-08-30 13:10:01",366.00
26-35,34,FMC-K0724-KM,"JACQUELINE YAA ANGBANG",10,"HARVEST, TITHE, WELFARE","2026-02-01 00:00:00","2026-08-01 00:00:00","2026-08-30 11:15:15",360.00
26-35,32,FMC-W0622-KM,"PRINCE K NKRUMAH",10,"TITHE, WELFARE","2026-03-01 00:00:00","2026-08-01 00:00:00","2026-08-30 13:12:24",350.00
26-35,31,FMC-K0123-KM,"FRANCISCA BAKER",6,"TITHE, WELFARE","2026-03-01 00:00:00","2026-07-01 00:00:00","2026-07-19 11:40:42",330.00
26-35,30,FMC-B0208-KM,"THEOPHILUS KWAME PAINTSIL",7,"HARVEST, TITHE, WELFARE","2025-11-01 00:00:00","2025-12-01 00:00:00","2025-12-28 11:38:54",330.00
26-35,33,FMC-A0506-KM,"STEFF MANFORD",2,"TITHE, WELFARE","2025-12-01 00:00:00","2025-12-01 00:00:00","2025-12-28 11:29:58",320.00
26-35,32,FMC-F0625-KM,"VICTORIA ANANAN MENSAH",17,"HARVEST, TITHE, WELFARE","2025-09-01 00:00:00","2026-08-01 00:00:00","2026-08-30 12:20:04",315.00
26-35,30,FMC-B0409-KM,"STEPHANIE NTI",26,"HARVEST, TITHE, WELFARE","2025-11-01 00:00:00","2026-08-01 00:00:00","2026-08-30 12:41:46",310.00
26-35,29,FMC-A0804-KM,"PAULINA EFUA KRAH",11,"HARVEST, TITHE, WELFARE","2025-10-01 00:00:00","2026-06-01 00:00:00","2026-06-07 12:36:41",300.00
26-35,28,FMC-F0705-KM,"FRANCISCA ABENA PAINTSIL",9,"APPEALS, HARVEST, TITHE, WELFARE","2025-08-01 00:00:00","2026-04-01 00:00:00","2026-04-26 11:48:44",295.01
26-35,31,FMC-B0406-KM,"JENNIFE SANE",23,"HARVEST, TITHE, WELFARE","2025-10-01 00:00:00","2026-08-01 00:00:00","2026-08-02 11:55:29",295.00
26-35,29,FMC-A1223-KM,"ANITA ABRAKWA",14,"TITHE, WELFARE","2025-12-01 00:00:00","2026-06-01 00:00:00","2026-06-28 10:27:02",290.00
26-35,32,FMC-D0421-KM,"PRISCILLA GYASI",13,"HARVEST, TITHE, WELFARE","2025-10-01 00:00:00","2026-06-01 00:00:00","2026-06-07 11:05:11",290.00
26-35,34,FMC-A0920-KM,"SANDRA BREW",9,"HARVEST, TITHE, WELFARE","2025-10-01 00:00:00","2026-05-01 00:00:00","2026-05-10 12:24:24",270.00
26-35,26,FMC-F0628-KM,"ELIZABETH TWEM",9,"HARVEST, TITHE, WELFARE","2026-01-01 00:00:00","2026-07-01 00:00:00","2026-07-12 11:38:11",270.00
26-35,26,FMC-D0208-KM,"ADAMS YVONNE",8,"TITHE, WELFARE","2025-10-01 00:00:00","2026-05-01 00:00:00","2026-05-17 10:29:46",270.00
26-35,29,FMC-B0921-KM,"JULIA YAA ESSIEN",6,"HARVEST, TITHE, WELFARE","2025-10-01 00:00:00","2026-03-01 00:00:00","2026-03-29 12:54:14",250.00
26-35,27,FMC-K0711-KM,"PRISCILLA YAWSON",4,"TITHE, WELFARE","2025-12-01 00:00:00","2026-09-01 00:00:00","2026-09-06 12:15:25",250.00
26-35,30,FMC-A0307-KM,"CECILIA EGYIR",15,"HARVEST, TITHE, WELFARE","2025-11-01 00:00:00","2026-08-01 00:00:00","2026-08-31 17:38:23",245.00
26-35,34,FMC-W0319-KM,"SOPHIA OPPONG",18,"TITHE, WELFARE","2025-10-01 00:00:00","2026-09-01 00:00:00","2026-09-06 12:35:30",245.00
26-35,31,FMC-D0804-KM,"Vicentia Osei-Bonsu",4,"TITHE, WELFARE","2026-04-01 00:00:00","2026-05-01 00:00:00","2026-05-03 10:28:58",240.00
26-35,29,FMC-D0217-KM,"MAVIS BUDU",22,"TITHE, WELFARE","2025-10-01 00:00:00","2026-09-01 00:00:00","2026-09-06 09:10:40",220.00
26-35,33,FMC-A0511-KM,"OLIVIA ABENA CUDJOE",4,"HARVEST, TITHE, WELFARE","2025-11-15 00:00:00","2026-06-01 00:00:00","2026-06-28 12:15:27",210.00
26-35,30,FMC-K0727-KM,"SAMUEL AFFUL-ESHUN",2,TITHE,"2026-04-01 00:00:00","2026-07-01 00:00:00","2026-07-19 09:51:12",200.00
26-35,28,FMC-F0909-KM,"ISABELLA ESI MENSAH",12,"TITHE, WELFARE","2026-01-01 00:00:00","2026-08-01 00:00:00","2026-08-02 11:54:58",200.00
26-35,35,FMC-B0111-KM,"FAUSTINA AGBENYENVU",4,"TITHE, WELFARE","2026-01-01 00:00:00","2026-05-01 00:00:00","2026-05-03 08:53:37",180.00
26-35,31,FMC-A1218-KM,"PHILOMINA AMA THOMPSON",18,"TITHE, WELFARE","2025-10-01 00:00:00","2026-08-01 00:00:00","2026-08-02 13:03:33",180.00
26-35,32,FMC-K0709-KM,"EMMANUEL OPOKU AFRIYIE",6,TITHE,"2025-05-01 00:00:00","2025-10-01 00:00:00","2025-10-16 20:33:15",170.00
26-35,33,FMC-A0325-KM,"VIVIAN AMISSAH",12,"TITHE, WELFARE","2025-11-01 00:00:00","2026-08-01 00:00:00","2026-08-09 09:51:27",170.00
26-35,35,FMC-W0916-KM,"ESTHER MENSAH OWUSU",5,"HARVEST, TITHE, WELFARE","2025-11-15 00:00:00","2025-12-01 00:00:00","2025-12-28 10:33:44",170.00
26-35,27,FMC-N0003-KM,"PATRICIA TURKSON",1,APPEALS,"2026-10-01 00:00:00","2026-10-01 00:00:00","2026-10-01 05:49:29",164.00
26-35,33,FMC-K0510-KM,"DIANA ACQUAH",14,"TITHE, WELFARE","2025-09-01 00:00:00","2026-07-01 00:00:00","2026-07-26 10:00:44",162.00
26-35,27,FMC-F0805-KM,"RITA AMOAH",3,HARVEST,"2025-11-15 00:00:00","2025-12-01 00:00:00","2025-12-07 09:48:47",150.00
26-35,34,FMC-A0710-KM,"SAMUEL BRIGHT YANKEY",2,"APPEALS, HARVEST","2025-09-01 00:00:00","2025-09-01 00:00:00","2025-09-12 10:56:26",141.00
26-35,29,FMC-D1015-KM,"CHARLOTTE OBENG",8,"HARVEST, TITHE, WELFARE","2025-10-01 00:00:00","2025-11-15 00:00:00","2025-11-15 00:00:00",140.00
26-35,31,FMC-A0805-KM,"JENNIFER ACQUAH",14,"TITHE, WELFARE","2025-09-01 00:00:00","2026-08-01 00:00:00","2026-08-30 10:24:53",135.00
26-35,28,FMC-K0506-KM,"HAAS KWABEKU AFRAWUAH",2,HARVEST,"2025-11-15 00:00:00","2025-11-15 00:00:00","2025-11-15 00:00:00",130.00
26-35,31,FMC-A0809-KM,"PERPETUAL OSEI NYARKO",8,"TITHE, WELFARE","2025-10-01 00:00:00","2026-03-01 00:00:00","2026-03-29 11:08:16",130.00
26-35,30,FMC-K0822-KM,"VICTORIA SENGU ACKAH",20,"TITHE, WELFARE","2025-10-01 00:00:00","2026-09-01 00:00:00","2026-09-06 11:11:45",120.00
26-35,30,FMC-F0617-KM,"RITA AMOAH",2,"TITHE, WELFARE","2025-12-01 00:00:00","2025-12-01 00:00:00","2025-12-07 11:11:40",120.00
26-35,28,FMC-D0719-KM,"BRIGHT ATTEEN",2,"TITHE, WELFARE","2026-05-01 00:00:00","2026-05-01 00:00:00","2026-05-17 10:42:55",120.00
26-35,34,FMC-A0305-KM,"HANNAH MENSAH",4,"HARVEST, TITHE, WELFARE","2025-10-01 00:00:00","2026-06-01 00:00:00","2026-06-07 08:27:05",120.00
26-35,34,FMC-B0711-KM,"ROSEMOND NYARKO",4,"TITHE, WELFARE","2025-10-01 00:00:00","2025-12-01 00:00:00","2025-12-07 10:24:00",110.00
26-35,26,FMC-W0124-KM,"AGNES TANQUAH",13,"HARVEST, TITHE, WELFARE","2026-02-01 00:00:00","2026-05-01 00:00:00","2026-05-03 09:10:06",110.00
26-35,35,FMC-A1515-KM,"JESFORD ABBAM",1,HARVEST,"2025-12-01 00:00:00","2025-12-01 00:00:00","2025-12-07 13:25:06",100.00
26-35,34,FMC-A0816-KM,"LUCY DUKU",3,HARVEST,"2025-11-15 00:00:00","2025-11-15 00:00:00","2025-11-15 00:00:00",100.00
26-35,33,FMC-F0704-KM,"IRENE PAINTSIL",5,HARVEST,"2025-11-15 00:00:00","2025-11-15 00:00:00","2025-11-15 00:00:00",100.00
26-35,29,FMC-K0719-KM,"JANET QUAICOE",4,"TITHE, WELFARE","2026-04-01 00:00:00","2026-05-01 00:00:00","2026-05-17 11:27:15",100.00
26-35,31,FMC-D0720-KM,"REBECCA CUDJOE",6,"TITHE, WELFARE","2026-03-01 00:00:00","2026-07-01 00:00:00","2026-07-26 10:04:32",84.00
26-35,28,FMC-F0713-KM,"HELENA SACKEY",4,TITHE,"2026-02-01 00:00:00","2026-07-01 00:00:00","2026-08-13 07:43:27",80.00
26-35,30,FMC-K0915-KM,"ELIZABETH YEBOAH",4,"HARVEST, TITHE, WELFARE","2025-10-01 00:00:00","2025-11-15 00:00:00","2025-11-15 00:00:00",80.00
26-35,29,FMC-A0415-KM,"EMMANUELLA EGYIR RIVERSON",11,"HARVEST, TITHE, WELFARE","2025-10-01 00:00:00","2026-04-01 00:00:00","2026-04-05 11:22:33",75.00
26-35,29,FMC-N0010-KM,"GEORGINA BOTWEY ESHUN",2,"TITHE, WELFARE","2026-09-01 00:00:00","2026-09-01 00:00:00","2026-09-06 21:00:51",70.00
26-35,29,FMC-F0711-KM,"MONICA KWARAH",3,HARVEST,"2025-10-01 00:00:00","2025-11-15 00:00:00","2025-11-15 00:00:00",70.00
26-35,27,FMC-W0927-KM,"MAVIS ODURO",2,"TITHE, WELFARE","2026-03-01 00:00:00","2026-03-01 00:00:00","2026-03-22 11:46:28",70.00
26-35,29,FMC-K0513-KM,"SANDRA APPIAH",1,HARVEST,"2025-11-15 00:00:00","2025-11-15 00:00:00","2025-11-15 00:00:00",50.00
26-35,26,FMC-W0218-KM,"VIDA BONNAH",20,"TITHE, WELFARE","2025-11-01 00:00:00","2026-08-01 00:00:00","2026-08-09 09:13:35",50.00
26-35,28,FMC-F0422-KM,"ABIGAIL COBBINAH",1,HARVEST,"2025-11-15 00:00:00","2025-11-15 00:00:00","2025-11-15 00:00:00",50.00
26-35,30,FMC-F0421-KM,"WILLIAM NKETSIAH",1,HARVEST,"2025-10-01 00:00:00","2025-10-01 00:00:00","2025-10-12 10:07:02",50.00
26-35,26,FMC-F0124-KM,"OBED GREAT BENYIN",2,"TITHE, WELFARE","2026-08-01 00:00:00","2026-08-01 00:00:00","2026-08-30 12:22:00",30.00
26-35,31,FMC-D0705-KM,"EBENEZER KWOFIE",3,"TITHE, WELFARE","2025-08-01 00:00:00","2025-09-01 00:00:00","2025-09-20 21:44:24",1.20
