"Transaction ID","Transaction Date","Payment Period","Payment Type",Mode,"Amount (GHS)",Reference,"Recorded By",Description
24341,"2026-08-30 12:47:34","August 2026",MDF,Cash,813.00,,"EVA EKUA ASARE","Payment for August 2026 MDF"
24340,"2026-08-30 12:47:34","August 2026",OFFERING,Cash,3673.00,,"EVA EKUA ASARE","Payment for August 2026 OFFERING"
23634,"2026-08-09 11:12:21","August 2026",OFFERING,Cash,877.00,,"EVA EKUA ASARE","Payment for August 2026 OFFERING"
22862,"2026-07-26 12:10:08","July 2026",OFFERING,Cash,4640.00,,"EVA EKUA ASARE","Payment for July 2026 OFFERING"
22574,"2026-07-19 12:41:57","July 2026",MDF,Cash,396.30,,"EVA EKUA ASARE","Payment for July 2026 MDF"
22573,"2026-07-19 12:41:57","July 2026",OFFERING,Cash,1788.60,,"EVA EKUA ASARE","Payment for July 2026 OFFERING"
22211,"2026-07-12 11:25:40","July 2026",MDF,Cash,505.50,,"EVA EKUA ASARE","Payment for July 2026 MDF"
22210,"2026-07-12 11:25:40","July 2026",OFFERING,Cash,1338.60,,"EVA EKUA ASARE","Payment for July 2026 OFFERING"
21952,"2026-07-12 09:03:15","July 2026",OFFERING,Cash,2311.00,,"EVA EKUA ASARE","Payment for July 2026 OFFERING"
21888,"2026-07-05 12:32:38","July 2026","Monthly Offering/Kofi & Ama",Cash,3930.40,,"EVA EKUA ASARE","Payment for July 2026 Monthly Offering/Kofi & Ama"
21852,"2026-07-05 12:12:28","July 2026",MDF,Cash,696.00,,"EVA EKUA ASARE","Payment for July 2026 MDF"
21851,"2026-07-05 12:12:28","July 2026",OFFERING,Cash,1919.50,,"EVA EKUA ASARE","Payment for July 2026 OFFERING"
21753,"2026-07-05 11:01:09","July 2026","Monthly Offering/Kofi & Ama",Cash,5628.00,,"EVA EKUA ASARE","Payment for July 2026 Monthly Offering/Kofi & Ama"
21752,"2026-07-05 11:01:09","July 2026",OFFERING,Cash,2341.50,,"EVA EKUA ASARE","Payment for July 2026 OFFERING"
21509,"2026-06-28 21:24:59","June 2026",APPEALS,Cash,1297.00,,"EVA EKUA ASARE","Payment for June 2026 APPEALS"
21508,"2026-06-28 21:24:59","June 2026",OFFERING,Cash,1850.00,,"EVA EKUA ASARE","Payment for June 2026 OFFERING"
20814,"2026-06-14 15:34:15","June 2026",MDF,Cash,725.90,,"EVA EKUA ASARE","Payment for June 2026 MDF"
20739,"2026-06-14 11:19:34","June 2026",OFFERING,Cash,4398.00,,"EVA EKUA ASARE","Payment for June 2026 OFFERING"
19333,"2026-05-17 11:22:19","May 2026",MDF,Cash,541.00,,"JACOB FRANCIS KWESI ARYEE","Payment for May 2026 MDF"
18554,"2026-05-03 11:52:21","May 2026","Monthly Offering/Kofi & Ama",Cash,2795.00,,"EVA EKUA ASARE","Payment for May 2026 Monthly Offering/Kofi & Ama"
18553,"2026-05-03 11:52:21","May 2026",OFFERING,Cash,1221.00,,"EVA EKUA ASARE","Payment for May 2026 OFFERING"
18552,"2026-05-03 11:46:17","April 2026",MDF,Cash,556.00,,"EVA EKUA ASARE","Payment for April 2026 MDF"
18053,"2026-04-26 11:12:06","April 2026",APPEALS,Cash,2350.00,,"EVA EKUA ASARE","Payment for April 2026 APPEALS"
18052,"2026-04-26 11:12:06","April 2026",OFFERING,Cash,2317.50,,"EVA EKUA ASARE","Payment for April 2026 OFFERING"
17693,"2026-04-19 11:51:39","April 2026",MDF,Cash,1002.00,,"EVA EKUA ASARE","Payment for April 2026 MDF"
17655,"2026-04-19 11:24:45","April 2026",APPEALS,Cash,1525.00,,"EVA EKUA ASARE","Payment for April 2026 APPEALS"
17654,"2026-04-19 11:24:45","April 2026",OFFERING,Cash,1209.40,,"EVA EKUA ASARE","Payment for April 2026 OFFERING"
17630,"2026-04-19 10:18:22","April 2026",APPEALS,Cash,3264.00,,"EVA EKUA ASARE","Payment for April 2026 APPEALS"
17629,"2026-04-19 10:18:22","April 2026",OFFERING,Cash,2780.00,,"EVA EKUA ASARE","Payment for April 2026 OFFERING"
17417,"2026-04-12 11:56:09","April 2026",MDF,Cash,734.00,,"EVA EKUA ASARE","Payment for April 2026 MDF"
17416,"2026-04-12 11:56:09","April 2026",APPEALS,Cash,3356.00,,"EVA EKUA ASARE","Payment for April 2026 APPEALS"
17415,"2026-04-12 11:56:09","April 2026",OFFERING,Cash,1894.00,,"EVA EKUA ASARE","Payment for April 2026 OFFERING"
17252,"2026-04-12 09:50:45","April 2026",APPEALS,Cash,4830.20,,"EVA EKUA ASARE","Payment for April 2026 APPEALS"
17251,"2026-04-12 09:50:45","April 2026",OFFERING,Cash,2601.00,,"EVA EKUA ASARE","Payment for April 2026 OFFERING"
17132,"2026-04-05 13:16:43","April 2026","Monthly Offering/Kofi & Ama",Cash,2022.00,,"EVA EKUA ASARE","Payment for April 2026 Monthly Offering/Kofi & Ama"
17131,"2026-04-05 13:16:43","April 2026",APPEALS,Cash,2765.00,,"EVA EKUA ASARE","Payment for April 2026 APPEALS"
17130,"2026-04-05 13:16:43","April 2026",OFFERING,Cash,2148.10,,"EVA EKUA ASARE","Payment for April 2026 OFFERING"
17094,"2026-04-05 12:58:34","April 2026",MDF,Cash,1337.90,,"EVA EKUA ASARE","Payment for April 2026 MDF"
16884,"2026-04-05 10:48:59","April 2026","Monthly Offering/Kofi & Ama",Cash,5767.00,,"EVA EKUA ASARE","Payment for April 2026 Monthly Offering/Kofi & Ama"
16883,"2026-04-05 10:48:59","April 2026",APPEALS,Cash,12159.00,,"EVA EKUA ASARE","Payment for April 2026 APPEALS"
16882,"2026-04-05 10:48:59","April 2026",OFFERING,Cash,4746.30,,"EVA EKUA ASARE","Payment for April 2026 OFFERING"
16320,"2026-03-29 11:53:02","March 2026",MDF,Cash,849.00,,"EVA EKUA ASARE","Payment for March 2026 MDF"
16029,"2026-03-22 12:51:21","March 2026",MDF,Cash,673.00,,"LAWRENCE APPIAH-BINEY","Payment for March 2026 MDF"
16024,"2026-03-22 12:02:22","March 2026",APPEALS,Cash,30052.00,,"EVA EKUA ASARE","Payment for March 2026 APPEALS"
16023,"2026-03-22 12:02:22","March 2026",OFFERING,Cash,3855.50,,"EVA EKUA ASARE","Payment for March 2026 OFFERING"
